Pattern,Entropy
1,3.55881082798454
2,3.99000970404074
3,3.67644090869687
4,3.81356607301702
5,4.94503869754025
6,3.12192809488736
7,3.67326968951511
8,4.15251826628863
9,3.64643934467102
10,1
